mall,type,shop_id,shop_name_en,shop_name_tc,shop_number,shop_floor,phone,opening_hours,loyalty_offer,voucher_acceptance,shop_category_id,shop_category_name,tag,update_date
TheOne,Shopping,1300,#CCCCCc SE/ECT,#CCCCCc SE/ECT,L601,6F,54765291,12:45 - 21:15 (Monday to Thursday)12:45 - 21:45 (Friday to Sunday),The ONE Card,1,106,Home Furnishings & Gifts,,2022-05-02
TheOne,Shopping,1365,:CHOCOOLATE,:CHOCOOLATE,GB03-GB05,GF,26770160,12:00 - 22:00,The ONE Card,1,11,Fashion & Accessories,,2022-05-02
TheOne,Shopping,1279,ad-lib,ad-lib,L318,3F,31044990,11:00-22:00,,1,11,Fashion & Accessories,,2022-05-02
TheOne,Shopping,1196,AEON Supermarket,AEON Supermarket,LG1-LG2,G1F;G2F,26736108,10:00 - 23:00,,1,2,Supermarket,,2022-05-02
TheOne,Dining,1372,AFURI,AFURI,L2,2F,28152177,12:00 – 21:30,,1,28,Food & Beverage ,,2022-05-02
TheOne,Shopping,1220,AIGLE,AIGLE,UG219,UG2F,28821369,"11:00-20:00 (Sun-Thu) 11:00-20:30 (Fri,Sat&PH)",,1,11,Fashion & Accessories,,2022-05-02
TheOne,Shopping,1203,amoovars,amoovars,GA07,GF,-,11:30-20:30,,,106,Home Furnishings & Gifts,,2022-05-02
TheOne,Shopping,1274,ARLOS,ARLOS,L313,3F,97255346,11:00-21:00,,1,11,Fashion & Accessories,,2022-05-02
TheOne,Shopping,1230,as Know as de base,as Know as de base,L109,1F,26770261,12:00 - 22:00,The ONE Card,1,11,Fashion & Accessories,,2022-05-02
TheOne,Shopping,1208,b+ab,b+ab,UG113-UG116,UG1F,26770557,12:00 - 22:00,The ONE Card,1,11,Fashion & Accessories,,2022-05-02
TheOne,Shopping,1214,BEAMS,BEAMS,UG207-UG210,UG2F,26770230,12:00 - 22:00,The ONE Card,1,11,Fashion & Accessories,,2022-05-02
TheOne,Shopping,1269,Bear Of Color + PorkChop & Friends,Bear Of Color + PorkChop & Friends,L309-L310,3F,,11:00-22:00,,1,16,Deli & Confectionery ,,2022-05-02
TheOne,Shopping,1213,BEAUTY & YOUTH UNITED ARROWS,BEAUTY & YOUTH UNITED ARROWS,UG204-UG206,UG2F,26770217,12:00 - 22:00,The ONE Card,1,11,Fashion & Accessories,,2022-05-02
TheOne,Shopping,1207,Beauty Bazaar Harvey Nichols,Beauty Bazaar Harvey Nichols,"UG101-UG108, UG117-UG126A",UG1F,39062388,10:00 - 22:00,,1,79,Personal Care & Beauty,,2022-05-02
TheOne,Shopping,1227,BLACKZMITH OPTICAL,BLACKZMITH OPTICAL,L104-L105,1F,23860220,11:30-21:30,The ONE Card,1,11,Fashion & Accessories,,2022-05-02
TheOne,Shopping,1218,bread n butter,bread n butter,UG217,UG2F,34279875,11:00 - 22:00,,1,11,Fashion & Accessories,,2022-05-02
TheOne,Shopping,1306,Broadway Cinemas,百老匯戲院,L6-L10,6F,23883188,,,,107,Entertainment ,,2022-05-02
TheOne,Dining,1286,Cambo,Cambo,L403,4F,27186022,11:00-23:30,,1,28,Food & Beverage ,,2022-05-02
TheOne,Shopping,1205,CAMPER,CAMPER,GB01,GF,26770025,12:00 - 22:00,The ONE Card,1,11,Fashion & Accessories,,2022-05-02
TheOne,Shopping,1199,COLLECTIBLES CORNER,COLLECTIBLES CORNER,GA03-GA04,GF,34888387,12:00-21:00,,1,106,Home Furnishings & Gifts,,2022-05-02
TheOne,Dining,1356,Dazzling Cafe,Dazzling Cafe,L322-L323,3F,23126099,12:00 - 23:00,,1,28,Food & Beverage ,,2022-05-02
TheOne,Shopping,1371,Deus Café,Deus Café,L2,2F,28152390,12:00 – 21:30,,1,16,Deli & Confectionery ,,2022-05-02
TheOne,Shopping,1310,Dunlopillo moments,Dunlopillo moments,L704,7F,29070837,11:00-21:00,,,106,Home Furnishings & Gifts,,2022-05-02
TheOne,Dining,1318,East Ocean‧Lafayette,東海薈‧拉斐特,L12,12F,26980990,"Mon to Fri : 11:00-23:00Sat, Sun and Public Holiday : 10:30-23:00",,1,125,The Sky Dining ,,2022-05-02
TheOne,Shopping,1262,eGG Optical Boutique,eGG Optical Boutique,L301,3F,24305378,12:00 - 22:00,The ONE Card,1,11,Fashion & Accessories,,2022-05-02
TheOne,Shopping,1263,eGG Optical Boutique,eGG Optical Boutique,L302,3F,24305378,10:30 - 21:30,The ONE Card,1,11,Fashion & Accessories,,2022-05-02
TheOne,Shopping,1308,EMMAS DENTONS,EMMAS DENTONS,L702,7F,,,,,106,Home Furnishings & Gifts,,2022-05-02
TheOne,Shopping,1233,ete!,ete!,L113-L114,1F,26770287,12:00 - 22:00,The ONE Card,1,11,Fashion & Accessories,,2022-05-02
TheOne,Shopping,1338,FANCL,FANCL,GA02,GF,36220890,10:30 - 22:00,,1,79,Personal Care & Beauty,,2022-05-02
TheOne,Dining,1268,Fifth Element,五要素食堂,L308,3F,28892240,11:00-22:00,,,28,Food & Beverage ,,2022-05-02
TheOne,Shopping,1212,FILTERS.,FILTERS.,UG203,UG2F,56113306,12:00-22:00,,,79,Personal Care & Beauty,,2022-05-02
TheOne,Shopping,1206,FIVE CM,FIVE CM,GB02,GF,26770611,11:00-22:30,The ONE Card,1,11,Fashion & Accessories,,2022-05-02
TheOne,Shopping,1232,FRED PERRY,FRED PERRY,L111-L112,1F,26770271,12:00 - 22:00,The ONE Card,1,11,Fashion & Accessories,,2022-05-02
TheOne,Shopping,1331,Gelato Gelato,Gelato Gelato,L3 Kiosk 3C,3F,-,12:00-22:00,,,16,Deli & Confectionery ,,2022-05-02
TheOne,Dining,1290,Gram cafe & pancakes,Gram cafe & pancakes,L408,4F,23684588,11:00-22:00 (21:15 last order),,,28,Food & Beverage ,,2022-05-02
TheOne,Shopping,1219,G-SHOCK,G-SHOCK,UG218,UG2F,25114922,11:00-22:00,,1,4,Jewellery & Watches ,,2022-05-02
TheOne,Shopping,1375,GUR BEER,GUR BEER,GA05,GF,97416408,"14:00-21:00 (Mon-Thur), 14:00-23:00 (Fri-Sun)",The ONE Card,1,16,Deli & Confectionery ,,2022-05-02
TheOne,Dining,1295,Gyuhachi Express,牛八和牛燒肉屋,L501,5F,31014802,Mon to Thu: 12:00-16:00 & 18:00-22:00Fri to Sun & PH: 12:00-22:00,,1,28,Food & Beverage ,,2022-05-02
TheOne,Dining,1305,HABITŪ,HABITŪ,L608,6F,35720622,12:00 - 21:00 (Mon-Sun),The ONE Card,1,28,Food & Beverage ,,2022-05-02
TheOne,Dining,1323,Harlan's,Harlan's,L19,19F,29722222,12:00 - 00:00,The ONE Card,1,125,The Sky Dining ,,2022-05-02
TheOne,Dining,1361,HEYA,囍雲軒,L503-L504,5F,26283178,11:30 - 22:00,,1,28,Food & Beverage ,,2022-05-02
TheOne,Shopping,1270,Historic,Historic,L304,3F,28860821,12:00 - 22:00,,1,11,Fashion & Accessories,,2022-05-02
TheOne,Shopping,1301,HOMELESS,HOMELESS,L602-L605,6F,29978191,12:00-22:30,,,106,Home Furnishings & Gifts,,2022-05-02
TheOne,Shopping,1334,HOMELESS,HOMELESS,L6 Kiosk 6A,6F,29978191,12:00-22:30,,,106,Home Furnishings & Gifts,,2022-05-02
TheOne,Shopping,1370,i.t orange forest,i.t orange forest,L2,2F,28152019/28152172,"Mon – Fri: 11:00 – 22:00 / Sat, Sun & PH: 10:30 – 22:00",The ONE Card,1,11,Fashion & Accessories,,2022-05-02
TheOne,Shopping,1204,IMPERIAL DIAMOND,IMPERIAL DIAMOND,GA08,GF,26988083,10:30-21:00,,,4,Jewellery & Watches ,,2022-05-02
TheOne,Shopping,1277,I-PRIMO,I-PRIMO,L316-317,3F,,,,1,4,Jewellery & Watches ,,2022-05-02
TheOne,Shopping,1209,izzue,izzue,UG109-UG112,UG1F,26770175,12:00 - 22:00,The ONE Card,1,11,Fashion & Accessories,,2022-05-02
TheOne,Shopping,1215,JOURNAL STANDARD,JOURNAL STANDARD,UG211-UG214,UG2F,26770237,12:00 - 22:00,The ONE Card,1,11,Fashion & Accessories,,2022-05-02
TheOne,Shopping,1374,King Koil,愛皇健,L708,7F,,12:00-21:00,,1,106,Home Furnishings & Gifts,,2022-05-02
TheOne,Dining,1296,KOKON2,古今二,L502,5F,31888098,11:00-22:00,,,28,Food & Beverage ,,2022-05-02
TheOne,Shopping,1198,Lacoste,Lacoste,GA11,GF,23753622,10:00 - 22:00,,1,11,Fashion & Accessories,,2022-05-02
TheOne,Shopping,1367,LAFIT,LAFIT,L3 Kiosk 3D,3F,28851184,12:00-22:00,,1,106,Home Furnishings & Gifts,,2022-05-02
TheOne,Shopping,1373,LAKH,LAKH,L116,1F,,11:30-21:00,,1,11,Fashion & Accessories,,2022-05-02
TheOne,Dining,1285,Le Viet,Le Viet,L402,4F,23690422,11:00-23:30,The ONE Card,1,28,Food & Beverage ,,2022-05-02
TheOne,Shopping,1288,LIFETASTIC PATISSERIE ,LIFETASTIC PATISSERIE ,L406,4F,27608923,12:00 - 23:00,The ONE Card,1,16,Deli & Confectionery ,,2022-05-02
TheOne,Shopping,1351,LOF10,辦館 ,L5 Kiosk 5A,5F,35011382,11:30-21:30,,1,16,Deli & Confectionery ,,2022-05-02
TheOne,Shopping,1217,LOUNGE PINK,LOUNGE PINK,UG216,UG2F,27137998,11:30-22:00,,1,11,Fashion & Accessories,,2022-05-02
TheOne,Shopping,1267,Marquee Vega,Marquee Vega,L307,3F,-,11:00 - 21:00,,,11,Fashion & Accessories,,2022-05-02
TheOne,Shopping,1316,MediLASE | CLINICX | CLINICZ,MediLASE | CLINICX | CLINICZ,L8,8F,27895388,"Mon- Fri: 11:00-21:30Sat, Sun & Public Holiday: 10:00-21:30",The ONE Card,1,79,Personal Care & Beauty,,2022-05-02
TheOne,Shopping,1283,MONOS,MONOS,L321,3F,23119588,11:00-22:30,,,106,Home Furnishings & Gifts,,2022-05-02
TheOne,Shopping,1231,MUSIUM DIV.,MUSIUM DIV.,L110,1F,26770270,12:00 - 22:00,,,11,Fashion & Accessories,,2022-05-02
TheOne,Dining,1287,Nabe Urawa,牛気,L404-L405,4F,22951833,11:30-23:30,,1,28,Food & Beverage ,,2022-05-02
TheOne,Shopping,1238,New Balance,New Balance,L119,1F,28132831,11:00 - 22:00,,1,11,Fashion & Accessories,,2022-05-02
TheOne,Dining,1289,Odelice!,Odelice!,L407,4F,25202136,"11:30-23:00 (Mon-Fri)11:00-23:00 (Sat, Sun, PH),",,1,28,Food & Beverage ,,2022-05-02
TheOne,Shopping,1281,onefit,onefit,L320,3F,23712731/92548988,12:00-22:00,,1,11,Fashion & Accessories,,2022-05-02
TheOne,Shopping,1211,Optical 88,眼鏡88,UG202,UG2F,24890588,10:30 - 22:30,The ONE Card,1,11,Fashion & Accessories,,2022-05-02
TheOne,Shopping,1237,ORiental TRaffic,ORiental TRaffic,L118,1F,,,,1,11,Fashion & Accessories,,2022-05-02
TheOne,Dining,1319,Palace Wedding Banquet Specialist,煌府婚宴專門店,L13,13F,21806178,Mon - Sat: 11:00 - 00:00Sun & PH: 10:00 - 00:00,,1,125,The Sky Dining ,,2022-05-02
TheOne,Shopping,1234,PALLADIUM,PALLADIUM,L115,1F,31881025,12:00 - 22:00,,1,11,Fashion & Accessories,,2022-05-02
TheOne,Dining,1325,PHENOMENON WINE‧DINE,PHENOMENON WINE‧DINE,L20,20F,68232020,12:00-00:00,,1,125,The Sky Dining ,,2022-05-02
TheOne,Shopping,1264,PHYTOMER,PHYTOMER,L303,3F,,12:00 - 21:30,,1,79,Personal Care & Beauty,,2022-05-02
TheOne,Shopping,1275,Promessa,Promessa 周生生,L314-L315,3F,25739399,11:00-21:00,,,4,Jewellery & Watches ,,2022-05-02
TheOne,Shopping,1216,RABEANCO,RABEANCO,UG215,UG2F,34099930,Mon-Thur: 11:00 - 22:00Fri-Sun & PH: 11:00 - 22:30,,1,11,Fashion & Accessories,,2022-05-02
TheOne,Shopping,1272,RDM Store,RDM Store,L311,3F,12:30-22:00,12:30 - 22:00,,1,11,Fashion & Accessories,,2022-05-02
TheOne,Shopping,1344,ROCOCO,ROCOCO,UG201,UG2F,23762281,11:00 - 22:00,,1,11,Fashion & Accessories,,2022-05-02
TheOne,Dining,1240,SAI SONS,醒辰冰室,L121,1F,36188220,Sunday – Wednesday 12:00 – 21:30Thursday – Saturday 12:00 – 22:00,,1,28,Food & Beverage ,,2022-05-02
TheOne,Shopping,1355,Salad,Salad,GA01,GF,22780984,11:30 - 20:30,,,11,Fashion & Accessories,,2022-05-02
TheOne,Shopping,1273,SASSOU JAPAN,SASSOU JAPAN,L312,3F,23113777,11:00-22:00,The ONE Card,1,79,Personal Care & Beauty,,2022-05-02
TheOne,Shopping,1228,Satami Plus,Satami Plus,L106,1F,28057666,11:00-21:00,The ONE Card,,11,Fashion & Accessories,,2022-05-02
TheOne,Shopping,1315,Simmons®,蓆夢思®,L709,7F,27365583,12:00-21:00,The ONE Card,1,106,Home Furnishings & Gifts,,2022-05-02
TheOne,Dining,1320,Star of Canton Restaurant,利寶閣,L17,17F,28701488,Mon-Sat: 11:00 - 00:00Sun & PH: 10:00 - 00:00,,1,125,The Sky Dining ,,2022-05-02
TheOne,Shopping,1239,STYLE PLUS,STYLE PLUS,L120,1F,21159335,12:00 - 21:00,The ONE Card,1,11,Fashion & Accessories,,2022-05-02
TheOne,Dining,1222,Sushi Senju ,鮨千寿,UG220-UG221,UG2F,23268833,12:00-23:00,The ONE Card,1,28,Food & Beverage ,,2022-05-02
TheOne,Shopping,1358,SWAROVSKI,SWAROVSKI,GA09-GA10,GF,26826200,10:30 - 22:00,,1,4,Jewellery & Watches ,,2022-05-02
TheOne,Shopping,1293,Tea Brush,茶墨,L411,4F,70721138,13:00-22:00,,1,16,Deli & Confectionery ,,2022-05-02
TheOne,Dining,1324,Teppanyaki Kaika,鉄板焼 海賀,L19,19F,29722888,,The ONE Card,1,125,The Sky Dining ,,2022-05-02
TheOne,Dining,1291,The Point - Pizza + Pasta,The Point - Pizza + Pasta,L409,4F,25980030,12:00 - 23:00,,1,28,Food & Beverage ,,2022-05-02
TheOne,Dining,1284,Tonkichi Tonkatsu Seafood,とん吉日式吉列專門店,L401,4F,26680282/26802802,11:30-15:00，18:00-22:00,,1,28,Food & Beverage ,,2022-05-02
TheOne,Shopping,1229,tout à coup,tout à coup,L107-L108,1F,26770258,12:00-22:00,The ONE Card,1,11,Fashion & Accessories,,2022-05-02
TheOne,Shopping,1294,Twelve Cupcakes,Twelve Cupcakes,L4 Kiosk 4B,4F,98503967,11:30-21:00,,,16,Deli & Confectionery ,,2022-05-02
TheOne,Dining,1347,U-Banquet The Starview,譽宴．星海,L18,18F,28119980,"Mon- Fri: 11:00-23:00Sat, Sun & Public Hoilday: 10:00-23:00",The ONE Card,1,125,The Sky Dining ,,2022-05-02
TheOne,Shopping,1359,UltraV,UltraV,UG1 Kiosk UG1A,UG1F,28291778,11:00 - 22:00,The ONE Card,1,79,Personal Care & Beauty,,2022-05-02
TheOne,Shopping,1224,VANS,VANS,L101,1F,23671821,11:00 - 22:00,,1,11,Fashion & Accessories,,2022-05-02
TheOne,Shopping,1303,Vintage Maze,迷宮惜物店,L606,6F,68468388,11:00 - 22:00,,1,106,Home Furnishings & Gifts,,2022-05-02
TheOne,Dining,1326,Wooloomooloo Prime,Wooloomooloo Prime,L21,21F,28700087,11:45-02:00,The ONE Card,1,125,The Sky Dining ,,2022-05-02
TheOne,Shopping,1368,Yankee Candle,Yankee Candle,L102,1F,23214688,11:30 am - 9:30 pm,,1,106,Home Furnishings & Gifts,,2022-05-02
